jp,74749861,,Japan,
de,44753593,,Germany,
br,36307426,,Brazil,
it,25103710,,Italy,
fr,21101768,,France,
cn,19812950,,China,
mx,17918753,,Mexico,
ar,14488605,,Argentina,
au,14429786,,Australia,
nl,12329780,,Netherlands,
pl,11240083,,Poland,
ru,10510317,,Russian Federation,
ca,10033516,,Canada,
in,8360182,,India,
tr,6922403,,Turkey,
tw,6780226,,"Taiwan, Province Of China",
co,6673396,,Colombia,
za,6197417,,South Africa,
se,5521773,,Sweden,
be,5362014,,Belgium,
ch,5230569,,Switzerland,
uk,5158243,,United Kingdom,
eg,4989280,,Egypt,
es,4497723,,Spain,
fi,3980155,,Finland,
pt,3820151,,Portugal,
at,3650990,,Austria,
no,3422043,,Norway,
th,3377426,,Thailand,
cl,3313332,,Chile,
nz,2935395,,New Zealand,
cz,2913384,,Czech Republic,
hu,2666466,,Hungary,
gr,2384554,,Greece,
dk,2309516,,Denmark,
il,2253613,,Israel,
sg,2131215,,Singapore,
ro,2090200,,Romania,
us,1945613,,United States,
hr,1911583,,Croatia (local name: Hrvatska),
id,1841324,,Indonesia,
uy,1729842,,Uruguay,
lt,1718266,,Lithuania,
ua,1690856,,Ukraine,
ie,1329458,,Ireland,
ir,1313928,,Iran (Islamic Republic Of),
ve,1294962,,Venezuela,
kz,1201033,,Kazakhstan,
ec,1054535,,Ecuador,
rs,1037518,,Republic of Serbia,
sk,994787,,Slovakia (Slovak Republic),
py,931338,,Paraguay,
bg,777130,,Bulgaria,
hk,715546,,Hong Kong,
do,667607,,Dominican Republic,
eu,648620,,European Union,
ee,611170,,Estonia,
md,507124,,"Moldova, Republic Of",
is,462461,,Iceland,
my,432543,,Malaysia,
lv,343650,,Latvia,
gt,322866,,Guatemala,
pk,318365,,Pakistan,
ni,316787,,Nicaragua,
by,313527,,Belarus,
ph,311908,,Philippines,
ae,306024,,United Arab Emirates,
kr,287019,,"Korea, Republic Of",
bo,251584,,Bolivia,
tt,241483,,Trinidad And Tobago,
su,240890,,Soviet Union,
ge,218316,,Georgia,
vn,204732,,Viet Nam,
cr,202286,,Costa Rica,
asia,192122,,Asia,
pe,171624,,Peru,
cy,168287,,Cyprus,
am,168068,,Armenia,
ma,153009,,Morocco,
ke,142034,,Kenya,
lu,132848,,Luxembourg,
io,124063,,British Indian Ocean Territory,
bd,120465,,Bangladesh,
mg,117130,,Madagascar,
si,108484,,Slovenia,
cat,107600,,Catalan community,
ao,104001,,Angola,
kg,103407,,Kyrgyzstan,
tokyo,98336,,Japan,city_TLD
sa,97717,,Saudi Arabia,
re,97696,,Reunion,
mz,97258,,Mozambique,
ba,97196,,Bosnia And Herzegowina,
na,79258,,Namibia,
tv,79028,,Tuvalu,
pw,71480,,Palau,
ci,71311,,Cote DIvoire,
nyc,66649,,United States,city_TLD
aw,54991,,Aruba,
mu,51689,,Mauritius,
az,49867,,Azerbaijan,
berlin,48791,,Germany,city_TLD
bn,47358,,Brunei Darussalam,
hn,46841,,Honduras,
nc,46103,,New Caledonia,
london,46020,,United Kingdom,city_TLD
gh,45780,,Ghana,
pf,38778,,French Polynesia,
cc,37515,,Cocos (Keeling) Islands,
cm,36060,,Cameroon,
sv,35847,,El Salvador,
tz,34901,,"Tanzania, United Republic Of",
nu,34603,,Niue,
ye,32885,,Yemen,
om,32323,,Oman,
np,30816,,Nepal,
bayern,30437,,Germany,
gy,29875,,Guyana,
ky,29176,,Cayman Islands,
zw,29158,,Zimbabwe,
ws,28452,,Samoa,
lb,28257,,Lebanon,
koeln,27107,,Germany,city_TLD
amsterdam,26008,,Netherlands,city_TLD
kh,25591,,Cambodia,
ug,25570,,Uganda,
ly,25519,,Libyan Arab Jamahiriya,
mc,23162,,Monaco,
hamburg,22557,,Germany,city_TLD
africa,21658,,Africa,
paris,21122,,France,city_TLD
uz,20754,,Uzbekistan,
tc,20536,,Turks And Caicos Islands,
zm,19880,,Zambia,
fj,19012,,Fiji,
bm,18797,,Bermuda,
moscow,18491,,Russian Federation,city_TLD
swiss,18003,,Switzerland,
ls,16179,,Lesotho,
li,15445,,Liechtenstein,
nrw,15298,,Germany,
wien,15291,,Austria,city_TLD
cv,14315,,Cape Verde,
vegas,14305,,United States,city_TLD
boston,13653,,United States,city_TLD
frl,13475,,Netherlands,
wales,12908,,Ireland,
jo,12643,,Jordan,
ad,12438,,Andorra,
mk,12397,,"Macedonia, The Former Yugoslav Republic Of",
al,11885,,Albania,
bt,11787,,Bhutan,
pa,11733,,Panama,
scot,11426,,Scotland,
ag,10945,,Antigua And Barbuda,
fo,10902,,Faroe Islands,
je,10722,,Jersey,
cologne,10245,,Germany,city_TLD
ruhr,9772,,Germany,
eus,9585,,Basque,
istanbul,9580,,Turkey,city_TLD
vi,9479,,Virgin Islands (U.S.),
miami,9323,,United States,city_TLD
ist,9248,,Turkey,
mt,8586,,Malta,
bzh,8585,,France,
nr,8157,,Nauru,
gl,8071,,Greenland,
to,8025,,Tonga,
gm,7996,,Gambia,
brussels,7700,,Belgium,city_TLD
sydney,7532,,Australia,city_TLD
bh,7450,,Bahrain,
melbourne,7338,,Australia,city_TLD
cymru,6920,,Ireland,
tirol,6658,,Austria,
quebec,6563,,Canada,city_TLD
fm,6237,,"Micronesia, Federated States Of",
vlaanderen,6133,,Belgium,
sm,5938,,San Marino,
pg,5690,,Papua New Guinea,
nagoya,5569,,Japan,city_TLD
barcelona,5506,,Spain,city_TLD
okinawa,5437,,Japan,city_TLD
bw,5420,,Botswana,
lk,5316,,Sri Lanka,
tj,5311,,Tajikistan,
gal,5070,,Galicians,
vu,4968,,Vanuatu,
capetown,4626,,South Africa,city_TLD
yokohama,4269,,Japan,city_TLD
tk,4092,,Tokelau,
cu,4050,,Cuba,
saarland,3996,,Germany,
ck,3921,,Cook Islands,
sb,3725,,Solomon Islands,
mh,3562,,Marshall Islands,
gent,3432,,Belgium,city_TLD
mv,3391,,Maldives,
bz,3177,,Belize,
joburg,3102,,South Africa,city_TLD
la,2918,,Lao Peoples Democratic Republic,
vc,2917,,Saint Vincent And The Grenadines,
mo,2899,,Macau,
bj,2766,,Benin,
cd,2655,,Congo (Democratic Republic),
im,2631,,Isle of Man,
ng,2563,,Nigeria,
wf,2536,,Wallis And Futuna Islands,
durban,2300,,South Africa,city_TLD
gq,2265,,Equatorial Guinea,
alsace,2127,,France,
ml,2067,,Mali,
as,2044,,American Samoa,
taipei,1970,,"Taiwan, Province Of China",city_TLD
ga,1969,,Gabon,
st,1754,,Sao Tome And Principe,
ryukyu,1703,,Japan,
cx,1651,,Christmas Island,
mn,1628,,Mongolia,
yu,1572,,Yugoslavia,
corsica,1554,,France,
bb,1553,,Barbados,
tn,1520,,Tunisia,
kw,1514,,Kuwait,
ms,1501,,Montserrat,
cf,1350,,Central African Republic,
qa,1326,,Qatar,
sl,1300,,Sierra Leone,
sd,1263,,Sudan,
mw,1158,,Malawi,
sz,1125,,Swaziland,
dz,1008,,Algeria,
tg,973,,Togo,
kyoto,867,,Japan,city_TLD
tatar,813,,Russian Federation,
sh,801,,St. Helena,
rio,797,,Brazil,city_TLD
ac,779,,Ascension Island,
mm,748,,Myanmar,
osaka,660,,Japan,city_TLD
ai,648,,Anguilla,
gs,648,,South Georgia And The South Sandwich Islands,
abudhabi,581,,United Arab Emirates,city_TLD
bs,574,,Bahamas,
jm,566,,Jamaica,
tm,538,,Turkmenistan,
dm,530,,Dominica,
gg,482,,Guernsey,
krd,452,,Kurdistan Region of Iraq,
sn,417,,Senegal,
er,414,,Eritrea,
vg,408,,Virgin Islands (British),
lc,406,,Saint Lucia,
af,347,,Afghanistan,
ht,335,,Haiti,
bi,317,,Burundi,
sy,312,,Syrian Arab Republic,
rw,304,,Rwanda,
sc,298,,Seychelles,
madrid,294,,Spain,city_TLD
an,291,,Netherlands Antilles,
lr,282,,Liberia,
ne,282,,Niger,
tf,261,,French Southern Territories,
fk,255,,Falkland Islands (Malvinas),
et,244,,Ethiopia,
pr,213,,Puerto Rico,
pm,209,,St. Pierre And Miquelon,
va,206,,Vatican City State (Holy See),
so,200,,Somalia,
gi,171,,Gibraltar,
dj,162,,Djibouti,
gp,140,,Guadeloupe,
sr,124,,Suriname,
gd,119,,Grenada,
bf,115,,Burkina Faso,
nf,107,,Norfolk Island,
gw,92,,Guinea-Bissau,
kn,58,,Saint Kitts And Nevis,
yt,57,,Mayotte,
stockholm,55,,Sweden,city_TLD
hm,50,,Heard And Mc Donald Islands,
iq,49,,Iraq,
cg,39,,Congo (Republic),
ابوظبي,38,xn--mgbca7dzdo,United Arab Emirates,city_TLD
aq,35,,Antarctica,
mp,33,,Northern Mariana Islands,
gu,27,,Guam,
gb,23,,United Kingdom,
mq,23,,Martinique,
mr,23,,Mauritania,
pn,16,,Pitcairn,
gn,13,,Guinea,
km,13,,Comoros,
kp,12,,"Korea, Democratic Peoples Republic Of",
ki,6,,Kiribati,
dubai,5,,United Arab Emirates,city_TLD
gf,4,,French Guiana,
tp,4,,East Timor,
zuerich,3,,Germany,city_TLD
doha,1,,Qatar,city_TLD
helsinki,1,,Finland,city_TLD
td,1,,Chad,
sj,0,,Svalbard And Jan Mayen Islands,
ελ,,xn--qxam,Greece,
бг,,xn--90ae,Bulgaria,
бел,,xn--90ais,Belarus,
дети,,xn--d1acj3b,Russian Federation,
ею,,xn--e1a4c,European Union,
қаз,,xn--80ao21a,Kazakhstan,
мкд,,xn--d1alf,"Macedonia, The Former Yugoslav Republic Of",
мон,,xn--l1acc,Mongolia,
москва,,xn--80adxhks,Russian Federation,city_TLD
онлайн,,xn--80asehdb,Russian Federation,
орг,,xn--c1avg,Russian Federation,
рус,,xn--p1acf,Russian Federation,
рф,,xn--p1ai,Russian Federation,
сайт,,xn--80aswg,Russian Federation,
срб,,xn--90a3ac,Republic of Serbia,
укр,,xn--j1amh,Ukraine,
հայ,,xn--y9a3aq,Armenia,
קום,,xn--9dbq2a,Israel,
الاردن,,xn--mgbayh7gpa,Jordan,
الجزائر,,xn--lgbbat1ad8j,Algeria,
السعودية,,xn--mgberp4a5d4ar,Saudi Arabia,
السعوديه,,xn--mgbqly7cvafr,Saudi Arabia,
السعودیة,,xn--mgberp4a5d4a87g,Saudi Arabia,
السعودیۃ,,xn--mgbqly7c0a67fbc,Saudi Arabia,
المغرب,,xn--mgbc0a9azcg,Morocco,
اليمن,,xn--mgb2ddes,Yemen,
امارات,,xn--mgbaam7a8h,United Arab Emirates,
ايران,,xn--mgba3a4fra,Iran (Islamic Republic Of),
ایران,,xn--mgba3a4f16a,Iran (Islamic Republic Of),
بارت,,xn--mgbbh1a,India,
بازار,,xn--mgbab2bd,Iran (Islamic Republic Of),
بھارت,,xn--mgbbh1a71e,India,
پاكستان,,xn--mgbai9a5eva00b,Pakistan,
پاکستان,,xn--mgbai9azgqp6j,Pakistan,
ڀارت,,xn--mgbgu82a,India,
تونس,,xn--pgbs0dh,Tunisia,
سودان,,xn--mgbpl2fh,Sudan,
سوريا,,xn--mgbtf8fl,Syrian Arab Republic,
سورية,,xn--ogbpf8fl,Syrian Arab Republic,
شبكة,,xn--ngbc5azd,Saudi Arabia,
عراق,,xn--mgbtx2b,Iraq,
عمان,,xn--mgb9awbf,Oman,
قطر,,xn--wgbl6a,Qatar,
مصر,,xn--wgbh1c,Egypt,
مليسيا,,xn--mgbx4cd0ab,Malaysia,
موريتانيا,,xn--mgbah1a3hjkrd,Mauritania,
موقع,,xn--4gbrim,Saudi Arabia,
भारत,,xn--h2brj9c,India,
भारतम्,,xn--h2breg3eve,India,
भारोत,,xn--h2brj9c8c,India,
বাংলা,,xn--54b7fta0cc,Bangladesh,
ভারত,,xn--45brj9c,India,
ਭਾਰਤ,,xn--s9brj9c,India,
ભારત,,xn--gecrj9c,India,
ଭାରତ,,xn--3hcrj9c,India,
இந்தியா,,xn--xkc2dl3a5ee0h,India,
சிங்கப்பூர்,,xn--clchc0ea0b2g2a9gcd,Singapore,
భారత్,,xn--fpcrj9c3d,India,
ಭಾರತ,,xn--2scrj9c,India,
ഭാരതം,,xn--rvc1e0am3e,India,
ලංකා,,xn--fzc2c9e2c,Sri Lanka,
ไทย,,xn--o3cw4h,Thailand,
닷넷,,xn--t60b56a,"Korea, Republic Of",
닷컴,,xn--mk1bu44c,"Korea, Republic Of",
한국,,xn--3e0b707e,"Korea, Republic Of",
コム,,xn--tckwe,Japan,
ストア,,xn--cck2b3b,Japan,
みんな,,xn--q9jyb4c,Japan,
世界,,xn--rhqv96g,China,
中国,,xn--fiqs8s,China,
中國,,xn--fiqz9s,China,
中文网,,xn--fiq228c5hs,China,
企业,,xn--vhquv,China,
信息,,xn--vuq861b,China,
公司,,xn--55qx5d,China,
台湾,,xn--kprw13d,"Taiwan, Province Of China",
台灣,,xn--kpry57d,"Taiwan, Province Of China",
商城,,xn--czru2d,China,
商店,,xn--czrs0t,China,
商标,,xn--czr694b,China,
在线,,xn--3ds443g,China,
广东,,xn--xhq521b,China,
我爱你,,xn--6qq986b3xl,China,
手机,,xn--kput3i,China,
新加坡,,xn--yfro4i67o,Singapore,
机构,,xn--nqv7f,China,
游戏,,xn--unup4y,China,
澳門,,xn--mix891f,Macau,
澳门,,xn--mix082f,Macau,
移动,,xn--6frz82g,China,
网址,,xn--ses554g,China,
网店,,xn--hxt814e,China,
网站,,xn--5tzm5g,China,
网络,,xn--io0a7i,China,
臺灣,,xn--nnx388a,"Taiwan, Province Of China",
购物,,xn--g2xx48c,China,
集团,,xn--3bst00m,China,
香港,,xn--j6w193g,Hong Kong,